"","species_itis_code","common_name","scientific_name"
"1","166774","redfish acadian ocean perch","Sebastes fasciatus"
"2","161706","alewife","Alosa pseudoharengus"
"3","183929","alexandrium","Alexandrium "
"4","167439","alligatorfish","Aspidophoroides monopterygius"
"5","168688","amberjack","Seriola "
"6","161127","eel american","Anguilla rostrata"
"7","171673","sand lance american","Ammodytes americanus"
"8","161702","shad american","Alosa sapidissima"
"9","161839","anchovy bay","Anchoa mitchilli"
"10","161128","eel european","Anguilla anguilla"
"11","615889","asterionellopsis","Asterionellopsis "
"12","172421","tuna atlantic bluefin","Thunnus thynnus"
"13","164712","cod atlantic","Gadus morhua"
"14","159772","hagfish atlantic","Myxine glutinosa"
"15","161722","herring atlantic","Clupea harengus"
"16","172414","mackerel atlantic","Scomber scombrus"
"17","161732","menhaden atlantic","Brevoortia tyrannus"
"18","161996","salmon atlantic","Salmo salar"
"19","167576","seasnail atlantic","Liparis atlanticus"
"20","165994","silverside atlantic","Menidia menidia"
"21","164720","tomcod atlantic","Microgadus tomcod"
"22","160834","torpedo atlantic","Torpedo nobiliana"
"23","171341","wolffish atlantic","Anarhichas lupus"
"24","165646","killifish banded","Fundulus diaphanus"
"25","192825","barbieria","Barbieria "
"26","170424","barracuda","Sphyraenidae "
"27","162463","barracudina uncl","Paralepididae "
"28","166787","rosefish black bellied","Helicolenus dactylopterus"
"29","168167","crappie black","Pomoxis nigromaculatus"
"30","167687","sea bass black","Centropristis striata"
"31","163382","dace blacknose","Rhinichthys atratulus"
"32","166385","stickleback blackspotted","Gasterosteus wheatlandi"
"33","168612","blue runner","Caranx crysos"
"34","160424","shark blue","Prionace glauca"
"35","168559","bluefish","Pomatomus saltatrix"
"36","168141","sunfish bluegill","Lepomis macrochirus"
"37","172409","bonito atlantic","Sarda sarda"
"38","157219","northern sea star","Asterias vulgaris"
"39","166399","stickleback brook","Culaea inconstans"
"40","162003","trout brook","Salvelinus fontinalis"
"41","164818","brotula barbata","Brotula barbata"
"42","164043","catfish brown bullhead","Ameiurus nebulosus"
"43","161997","trout brown","Salmo trutta"
"44","166284","buckler dory","Zenopsis conchifera"
"45","163996","catfish bullhead","Ictalurus ictalurus"
"46","172567","butterfish","Peprilus triacanthus"
"47","163344","carp","Cyprinus carpio"
"48","163992","catfishes","Siluriformes "
"49","160060","dogfish chain","Scyliorhinus retifer"
"50","162143","pickerel chain","Esox niger"
"51","163837","shiner common","Notropis cornutus"
"52","620992","crab red","Chaceon quinquedens"
"53","168165","crappie","Pomoxis "
"54","163376","chub creek","Semotilus atromaculatus"
"55","168609","crevalle","Caranx hippos"
"56","169283","croaker atlantic","Micropogonias undulatus"
"57","170481","cunner","Tautogolabrus adspersus"
"58","164740","cusk","Brosme brosme"
"59","171584","daubed shanny","Lumpenus maculatus"
"60","166342","dealfish (ribbonfish)","Trachipterus arcticus"
"61","168790","dolphinfish","Coryphaena "
"62","169237","drum","Sciaenidae "
"63","161326","eel conger","Conger oceanicus"
"64","167699","epinephelus flavolimbatus","Epinephelus flavolimbatus"
"65","172362","escolar","Lepidocybium flavobrunneum"
"66","163375","fallfish","Semotilus corporalis"
"67","161030","fish other","Osteichthyes "
"68","172702","flatfish unc","Pleuronectiformes "
"69","172873","flounder atlantic witch (gray sole)","Glyptocephalus cynoglossus"
"70","164748","fourbeard rockling","Enchelyopus cimbrius"
"71","166397","stickleback fourspine","Apeltes quadracus"
"72","172456","mackerel frigate","Auxis thazard"
"73","161092","garfishes","Lepisosteidae "
"74","166137","gephyroberyx darwini","Gephyroberyx darwini"
"75","161737","shad gizzard","Dorosoma cepedianum"
"76","166781","redfish golden","Sebastes norvegicus"
"77","163369","shiner golden","Notemigonus crysoleucas"
"78","168544","tilefish golden","Caulolatilus chrysops"
"79","165332","grenadiers","Macrouridae "
"80","167674","groupers","Serranidae "
"81","167321","grubby","Myoxocephalus aenaeus"
"82","172719","flounder gulf stream","Citharichthys arctifrons"
"83","164744","haddock","Melanogrammus aeglefinus"
"84","159753","hagfish","Myxinidae "
"85","164730","hake atlantic red","Urophycis chuss"
"86","172933","halibut atlantic","Hippoglossus hippoglossus"
"87","172930","halibut greenland","Reinhardtius hippoglossoides"
"88","206947","crab hermit uncl","Paguroidea "
"89","162057","herring smelt","Argentinidae "
"90","161700","herrings unc","Clupeidae "
"91","161704","shad hickory","Alosa mediocris"
"92","172982","hogchoker","Trinectes maculatus"
"93","170566","hogfish","Lachnolaimus maximus"
"94","167201","sculpin hookear uncl","Artediellus "
"95","167577","inquiline snailfish","Liparis inquilinus"
"96","169273","whiting king","Menticirrhus "
"97","161111","ladyfish","Elops saurus"
"98","162575","lanternfish uncl","Myctophidae "
"99","168160","bass largemouth","Micropterus salmoides"
"100","171671","launces","Ammodytes "
"101","167116","lingcod","Ophiodon elongatus"
"102","564130","skate little","Leucoraja erinacea"
"103","167320","sculpin longhorn","Myoxocephalus octodecemspinosus"
"104","164500","lophius gastrophysus","Lophius gastrophysus"
"105","172413","mackerel atlantic chub","Scomber colias"
"106","172435","mackerel king","Scomberomorus cavalla"
"107","172491","marlin blue","Makaira nigricans"
"108","172486","marlin unc","Istiophoridae "
"109","161731","menhaden unc","Brevoortia "
"110","164789","hake unc","Merlucciidae "
"111","163342","minnow","Cyprinidae "
"112","170335","mullet striped","Mugil cephalus"
"113","170333","mullets","Mugilidae "
"114","167763","mycteroperca phenax","Mycteroperca phenax"
"115","165551","needlefish atlantic","Strongylura marina"
"116","166387","stickleback ninespine","Pungitius pungitius"
"117","166974","searobin northern","Prionotus carolinus"
"118","173414","sunfish ocean","Mola mola"
"119","573604","odontella","Odontella "
"120","166326","opah","Lampris guttatus"
"121","169077","pigfish","Orthopristis chrysoptera"
"122","169187","pinfish","Lagodon rhomboides"
"123","164727","pollock","Pollachius virens"
"124","168708","pompano","Trachinotus carolinus"
"125","159911","porbeagle","Lamna nasus"
"126","169207","porgy red","Pagrus pagrus"
"127","166973","prionotus","Prionotus "
"128","572760","pseudonitzschia","Pseudonitzschia "
"129","173283","puffers","Tetraodontidae "
"130","168144","sunfish pumpkinseed","Lepomis gibbosus"
"131","171616","shanny radiated","Ulvaria subbifurcata"
"132","162041","smelt rainbow","Osmerus mordax"
"133","161989","trout rainbow / steelhead","Oncorhynchus mykiss"
"134","168131","sunfish redbreast","Lepomis auritus"
"135","163861","shiner redfin","Lythrurus umbratilis"
"136","172859","flounders righteyed","Pleuronectidae "
"137","171645","gunnel rock","Pholis gunnellus"
"138","168725","scad round","Decapterus punctatus"
"139","161977","salmon coho aquaculture","Oncorhynchus kisutch"
"140","161980","salmon king aquaculture","Oncorhynchus tshawytscha"
"141","161974","salmon pacific","Oncorhynchus "
"142","161975","salmon pacific pink","Oncorhynchus gorbuscha"
"143","157984","sand dollar uncl","Clypeasteroida "
"144","167793","perch sand","Diplectrum formosum"
"145","168548","tilefish sand","Malacanthus plumieri"
"146","165612","saury atlantic","Scomberesox saurus"
"147","168587","scads rough","Trachurus lathami"
"148","169182","scup","Stenotomus chrysops"
"149","158140","cucumber unclas","Holothuroidea "
"150","159722","sea lamprey","Petromyzon marinus"
"151","167289","sea raven","Hemitripterus americanus"
"152","166972","sea robins","Triglidae "
"153","156858","stars sea brittle baskets","Stelleroidea "
"154","169241","weakfish","Cynoscion regalis"
"155","169239","trout sea spotted","Cynoscion nebulosus"
"156","157821","sea urchin and sand dollar uncl","Echinoidea "
"157","160787","shark atlantic angel","Squatina dumeril"
"158","160200","shark atlantic sharpnose","Rhizoprionodon terraenovae"
"159","159907","shark basking","Cetorhinus maximus"
"160","159921","shark bigeye thresher","Alopias superciliosus"
"161","160307","shark bignose","Carcharhinus altimus"
"162","160318","shark blacktip","Carcharhinus limbatus"
"163","160275","shark bull","Carcharhinus leucas"
"164","160267","shark carcharhin nk","Carcharhinus "
"165","160604","shark dogfish","Squalidae "
"166","160230","shark dogfish smooth","Mustelus canis"
"167","160268","shark dusky","Carcharhinus obscurus"
"168","160409","shark finetooth","Carcharhinus isodon"
"169","160497","shark hammerhead","Sphyrnidae "
"170","160433","shark lemon","Negaprion brevirostris"
"171","159926","shark longfin mako","Isurus paucus"
"172","160413","shark night","Carcharhinus signatus"
"173","159977","shark nurse","Ginglymostoma cirratum"
"174","160330","shark oceanic whitetip","Carcharhinus longimanus"
"175","159851","shark pelagic nk","Lamniformes "
"176","159888","shark sand tiger","Carcharias taurus"
"177","160508","shark scalloped hammerhead","Sphyrna lewini"
"178","160310","shark silky","Carcharhinus falciformis"
"179","160505","shark smooth hammerhead","Sphyrna zygaena"
"180","160401","shark spinner","Carcharhinus brevipinna"
"181","159915","shark thresher unc","Alopias "
"182","160189","shark tiger","Galeocerdo cuvier"
"183","159785","shark unc","Chondrichthyes "
"184","159903","shark white","Carcharodon carcharias"
"185","160602","sharks","Squaliformes "
"186","159924","shark shortfin mako","Isurus oxyrinchus"
"187","161830","silver anchovy","Engraulis eurystole"
"188","164791","hake silver (whiting)","Merluccius bilinearis"
"189","165984","silversides","Atherinidae "
"190","564139","skate barndoor","Dipturus laevis"
"191","160848","skate big","Raja binoculata"
"192","162028","smelts","Osmeridae "
"193","172915","flounder smooth","Liopsetta putnami"
"194","564151","skate smooth","Malacoraja senta"
"195","168857","snapper dog","Lutjanus jocu"
"196","168909","snapper vermilion","Rhomboplites aurorubens"
"197","168845","snappers unc","Lutjanidae "
"198","167705","grouper snowy","Epinephelus niveatus"
"199","172436","mackerel spanish","Scomberomorus maculatus"
"200","160617","dogfish spiny","Squalus acanthias"
"201","169267","spot","Leiostomus xanthurus"
"202","163404","shiner spottail","Notropis hudsonius"
"203","166170","squirrelfishes","Holocentridae "
"204","166363","stickleback","Gasterosteidae "
"205","167680","bass striped","Morone saxatilis"
"206","161069","sturgeon shortnose","Acipenser brevirostrum"
"207","161064","sturgeons unc","Acipenseridae "
"208","163892","suckers","Catostomidae "
"209","168093","sunfishes","Centrarchidae "
"210","172251","surgeonfishes","Acanthurus "
"211","172482","swordfish","Xiphias gladius"
"212","161116","tarpon","Megalops atlanticus"
"213","170479","tautog","Tautoga onitis"
"214","173780","terrapin","Malaclemys terrapin"
"215","564149","skate thorny","Amblyraja radiata"
"216","166365","stickleback threespine","Gasterosteus aculeatus"
"217","159916","shark thresher","Alopias vulpinus"
"218","168546","tilefish","Lopholatilus chamaeleonticeps"
"219","164412","toadfishes","Batrachoididae "
"220","169007","tripletail","Lobotes surinamensis"
"221","161931","trouts","Salmonidae "
"222","172428","tuna bigeye","Thunnus obesus"
"223","172427","tuna blackfin","Thunnus atlanticus"
"224","172402","tuna little (tunny)","Euthynnus alletteratus"
"225","172418","tuna unc","Thunnus "
"226","172423","tuna yellowfin","Thunnus albacares"
"227","173833","turtle green(sea)","Chelonia mydas"
"228","173830","turtle loggerhead(sea)","Caretta caretta"
"229","173803","turtles sliders","Pseudemys "
"230","173752","turtles snapping","Chelydra serpentina"
"231","173749","turtles unc","Testudines "
"232","172451","wahoo","Acanthocybium solandri"
"233","164037","catfish white","Ameiurus catus"
"234","164732","hake white","Urophycis tenuis"
"235","167678","perch white","Morone americana"
"236","172905","flounder winter","Pseudopleuronectes americanus"
"237","564145","skate winter","Leucoraja ocellata"
"238","165242","wolf eelpout","Lycenchelys verrilli"
"239","167914","wreckfish","Polyprion americanus"
"240","171609","wrymouth","Cryptacanthodes maculatus"
"241","168469","perch yellow","Perca flavescens"
"242","172909","flounder yellowtail","Limanda ferruginea"
"243","168566","cobia","Rachycentron canadum"
"244","164729","codlings","Urophycis "
"245","169288","drum black","Pogonias cromis"
"246","169290","drum red","Sciaenops ocellatus"
"247","172877","plaice american (dab)","Hippoglossoides platessoides"
"248","172735","flounder atlantic summer (fluke)","Paralichthys dentatus"
"249","172738","flounder southern","Paralichthys lethostigma"
"250","169055","grunts","Haemulidae "
"251","159923","shark mako unc","Isurus "
"252","169189","sheepshead atlantic","Archosargus probatocephalus"
"253","160845","skates","Rajidae "
"254","169537","spadefish","Ephippidae"
"255","164499","monkfish","Lophius americanus"
"256","167375","sculpin moustache","Triglops murrayi"
"257","173128","triggerfishes","Balistidae "
"258","168684","moonfish atlantic","Selene setapinnis"
"259","172512","barrelfish","Hyperoglyphe perciformis"
"260","161703","herring blueback","Alosa aestivalis"
"261","162035","capelin","Mallotus villosus"
"262","164807","cusk-eel uncl","Ophidiidae "
"263","172746","flounder atlantic windowpane (sand dab )","Scophthalmus aquosus"
"264","164793","hake offshore (whiting black)","Merluccius albidus"
"265","167612","lumpfish","Cyclopterus lumpus"
"266","165647","mummichog","Fundulus heteroclitus"
"267","166451","pipefish northern","Syngnathus fuscus"
"268","161701","herring river","Alosa "
"269","167196","sculpins","Cottidae "
"270","157969","sea urchins green","Strongylocentrotus droebachiensis"
"271","160515","shark great hammerhead","Sphyrna mokarran"
"272","160289","shark sandbar","Carcharhinus plumbeus"
"273","167318","sculpin shorthorn","Myoxocephalus scorpius"
"274","168853","snapper red","Lutjanus campechanus"
"275","164731","hake spotted","Urophycis regia"
"276","166975","searobin striped","Prionotus evolans"
"277","172419","tuna albacore","Thunnus alalunga"
"278","173441","bullfrog","Rana catesbeiana"
"279","180137","woodchuck","Marmota monax"
"280","180649","seal harbor","Phoca vitulina"
"281","567088","perna","Perna "
"282","175154","eider duck","Somateria "
"283","168356","perch spp","Percidae "
"284","173613","salamander","Salamandridae "
"285","162139","pike northern","Esox lucius"
"286","550548","seasnail gelationous","Liparis fabricii"
"287","171588","blenny snake","Lumpenus lumpretaeformis"
"288","167578","seasnail striped","Liparis liparis"
"289","180366","mouse","Mus musculus"
"290","162001","arctic char","Salvelinus alpinus"
"291","156862","starfish","Asteroidae"
"292","621136","lumbrineris","Lumbrineris "
"293","573739","marenzelleria viridis","Marenzelleria viridis"
"294","158852","chordata","CHORDATA "
"295","158854","ascidiacea","Ascidiacea "
"296","159484","boltenia","Boltenia "
"297","159113","sea vase","Ciona intestinalis"
"298","159507","halocynthia pyriformis","Halocynthia pyriformis"
"299","159541","molgula","Molgula "
"300","159237","botrylloides diegense","Botrylloides diegense"
"301","159373","botryllus schlosseri","Botryllus schlosseri"
"302","573747","urticina felina","Urticina felina"
"303","156857","echinodermata","ECHINODERMATA "
"304","158190","cucumariidae","Cucumariidae "
"305","158195","cucumber sea","Cucumaria frondosa"
"306","158464","chiridotidae","Chiridotidae "
"307","158469","chiridota laevis","Chiridota laevis"
"308","158145","psolidae","Psolidae "
"309","158153","cucumber scarlet sea","Psolus fabricii"
"310","158492","molpadiidae","Molpadiidae "
"311","158493","molpadia","Molpadia "
"312","158524","caudinidae","Caudinidae "
"313","158525","caudina","Caudina "
"314","158016","sand dollar","Echinarachnius parma"
"315","157217","star common","Asterias forbesi"
"316","157220","star north","Asterias rubens"
"317","157215","asterias","Asterias "
"318","157062","solasteridae","Solasteridae "
"319","157074","star purple sun","Solaster endeca"
"320","157384","ophiuridae","Ophiuridae "
"321","157411","ophiura","Ophiura "
"322","157615","ophiactidae","Ophiactidae "
"323","157616","ophiopholis","Ophiopholis "
"324","157646","amphiuridae","Amphiuridae "
"325","157678","axiognathus squamatus","Axiognathus squamatus"
"326","157673","amphipholis","Amphipholis "
"327","204945","tectura testudinalis","Tectura testudinalis"
"328","567255","astyris lunata","Astyris lunata"
"329","158650","chaetognatha","CHAETOGNATHA "
"330","155153","priapulida","PRIAPULIDA "
"331","155156","priapulus caudatus","Priapulus caudatus"
"332","154520","sipuncula","SIPUNCULA "
"333","154807","aspidosiphon parvulus","Aspidosiphon parvulus"
"334","154597","golfingia","Golfingia "
"335","154734","phascolion strombi","Phascolion strombi"
"336","154733","phascolion","Phascolion "
"337","154595","phascolopsis gouldi","Phascolopsis gouldi"
"338","155456","phoronida","PHORONIDA "
"339","155462","phoronis","Phoronis "
"340","999999","swaprecord",NA
"341","166126","beardfish","Polymixia lowei"
"342","097153","shrimp sculptured","Sclerocrangon boreas"
"343","167545","lumpsucker atlantic spiny","Eumicrotremus spinosus"
"344","167579","kelp snailfish","Liparis tunicatus"
"345","164734","hake longfin","Phycis chesteri"
"346","168607","jack yellow","Carangoides bartholomaei"
"347","000002","shrimp calc",NA
"348","630979","pout ocean","Zoarces americanus"
"349","165296","pout atlantic soft","Melanostigma atlanticum"
"350","171124","blenniidae","Blenniidae"
"351","171603","shanny dauded","Leptoclinus maculatus"
"352","098900","crab mud","Dyspanopeus"
"353","163592","northern redbelly dace","Phoxinus eos"
"354","166705","rockfish unc","Sebastes"
"355","096797","zebra Lebbeid","Lebbeus microceros"
"356","046289","mesodinium rubrum","Mesodinium rubrum"
"357","003429","achnanthes","Achnanthes"
"358","173182","planehead filefish","Monacanthus hispidus"
"359","000034","lobster claw","Homarus americanus"
"360","000035","lobster tomalley","Homarus americanus"
"361","000036","lobster tail","Homarus americanus"
"362","000037","whelk waved tissue","Buccinum undatum"
"363","000038","whelk waved viscera","Buccinum undatum"
"364","004428","Pinnularia","Pinnularia"
"365","010207","Heterocapsa triquetra","Heterocapsa triquetra"
"366","000039","surf clam shell","surf clam shell"
"367","000040","horse mussel shell","horse mussel shell"
"368","000041","blue mussel shell","blue mussel shell"
"369","082335","squid bobtail","Sepiolidae"
"370","000042","mussel shell-n","mussel shell-n"
"371","167580","gulf seasnail","Liparis coheni"
"372","000043","mussel shell-o","mussel shell-o"
"373","162187","pearlsides","Maurolicus muelleri"
"374","161624","snipe eel slender","Nemichthys scolopaceus"
"375","159048","didemnum","Didemnum"
"376","167010","sea robin armored","Peristedion miniatum"
"377","168190","short bigeye","Pristigenys alta"
"378","170336","mullet white","Mugil curema "
"379","161973","whitefish atlantic","Coregonus huntsmani "
"380","000044","gravel","gravel"
"381","173290","puffer northern","Sphoeroides maculatus"
"382","000000","empty / no catch",NA
"383","000001","unidentified catch",NA
"384","000011","cowhide","Cowhide "
"385","000012","sealure","Sealure sealure"
"386","000013","pork/beef fat",NA
"387","000014","redfish heads",NA
"388","002678","biddulphia","Biddulphia "
"389","002758","chaetoceros","Chaetoceros "
"390","002827","chaetoceros socialis","Chaetoceros socialis"
"391","002546","coscinodiscus","Coscinodiscus "
"392","001804","dictyocha","Dictyocha "
"393","009938","dinophysis acuminata","Dinophysis acuminata"
"394","009932","dinophysis norvegica","Dinophysis norvegica"
"395","009941","dinophysis tripos","Dinophysis tripos"
"396","002926","ditylum","Ditylum "
"397","002730","eucampia","Eucampia "
"398","002932","fragilaria","Fragilaria "
"399","002921","guinardia","Guinardia "
"400","004622","gyrosigma","Gyrosigma "
"401","002290","melosira","Melosira "
"402","003649","navicula","Navicula "
"403","005070","nitzschia","Nitzschia "
"404","009893","prorocentrum lima","Prorocentrum lima"
"405","009879","prorocentrum micans","Prorocentrum micans"
"406","002879","rhizosolenia","Rhizosolenia "
"407","006562","sea lettuce","Ulva lactuca"
"408","002401","skeletonema","Skeletonema "
"409","002484","thalassiosira","Thalassiosira "
"410","002394","leptocylindrus","Leptocylindrus "
"411","002173","phaeocystis pouchetii","Phaeocystis pouchetii"
"412","009928","dinophysis","Dinophysis "
"413","003138","thalassionema","Thalassionema "
"414","096971","shrimp montagui","Pandalus montagui"
"415","011335","bladder wrack","Fucus vesiculosus"
"416","066107","bloodworms","Glycera dibranchiata"
"417","097000","shrimp dichelo","Dichelopandalus leptocerus"
"418","010400","ceratium fusus","Ceratium fusus"
"419","010401","ceratium lineatum","Ceratium lineatum"
"420","010402","ceratium longipes","Ceratium longipes"
"421","080983","clam arctic surf (stimpson)","Mactromeris polynyma"
"422","081343","clam ocean quahog","Arctica islandica"
"423","081022","clam razor atlantic","Ensis directus"
"424","081692","clam soft","Mya arenaria"
"425","080944","clam surf / hen","Spisula solidissima"
"426","079118","clam unc","Bivalvia "
"427","098679","crab atlantic rock","Cancer irroratus"
"428","098734","crab green","Carcinus maenas"
"429","097775","crab hermit","Pagurus "
"430","098678","crab jonah","Cancer borealis"
"431","098714","crab lady","Ovalipes ocellatus"
"432","098427","crab snow (tanner)","Chionoecetes "
"433","098455","crab spider","Libinia emarginata"
"434","098696","crab blue hard","Callinectes sapidus"
"435","012104","false irish moss","Mastocarpus stellatus"
"436","081501","clam false quahog","Pitar morrhuanus"
"437","011228","kelp fingered / horsetail","Laminaria digitata"
"438","010361","gonyaulax spinifera","Gonyaulax spinifera"
"439","010031","gymnodinium","Gymnodinium "
"440","082703","crab horseshoe","Limulus polyphemus"
"441","012092","irish moss","Chondrus crispus"
"442","097314","lobster american","Homarus americanus"
"443","099140","shrimps mantis","Stomatopoda "
"444","069458","mollusks unc","Mollusca "
"445","079454","mussel blue sea","Mytilus edulis"
"446","081691","mya","Mya "
"447","074103","nassarius","Nassarius "
"448","011540","nori/laver","Porphyra "
"449","080744","northern cyclocardia","Cyclocardia borealis"
"450","079501","mussel horse","Modiolus modiolus"
"451","097943","crab northern stone","Lithodes maja"
"452","011217","kelp hollow-stemmed / oarweed","Laminaria longicruris"
"453","082590","octopus","Octopodidae "
"454","079872","oyster eastern / american","Crassostrea virginica"
"455","070394","periwinkles atlantic (cockles)","Littorinidae "
"456","011331","rockweed","Ascophyllum nodosum"
"457","079737","scallop bay","Argopecten irradians"
"458","079734","scallop calico","Argopecten gibbus"
"459","079718","scallop sea","Placopecten magellanicus"
"460","079611","scallop unc","Pectinidae "
"461","010536","scrippsiella","Scrippsiella "
"462","010685","seaweed unc","Phaeophycophyta "
"463","083677","shellfish other","Crustacea "
"464","095602","shrimp atlantic brown","Penaeus aztecus"
"465","096967","shrimp northern","Pandalus borealis"
"466","095966","shrimp royal red","Pleoticus robustus"
"467","096074","shrimp scarlet","Aristaeopsis edwardsiana"
"468","080801","smooth astarte","Astarte castanea"
"469","098428","crab snow","Chionoecetes opilio"
"470","098417","crab spider uncl","Majidae "
"471","096787","spiny lebbeid","Lebbeus groenlandicus"
"472","082372","squid long finned","Loligo pealeii"
"473","082521","squid short-finned","Illex illecebrosus"
"474","082326","squid cuttlefish and octopod uncl","Cephalopoda "
"475","082369","squids unc","Loliginidae "
"476","073922","whelk stimpsons","Colus stimpsoni"
"477","011222","kelp sugar","Laminaria saccharina"
"478","046743","tintinnidae","Tintinnidae "
"479","074071","whelk knobbed","Busycon carica"
"480","074075","whelk lightning","Busycon sinistrum"
"481","011300","kelp winged","Alaria esculenta"
"482","011332","wormweed","Ascophyllum nodosum ecad scorpiodes"
"483","096106","shrimp unc","Caridea "
"484","079342","clam blood arc","Anadara ovalis"
"485","098671","crab cancer spp. unc","Cancer "
"486","012842","dulse","Palmaria palmata"
"487","079885","oyster european flat","Ostrea edulis"
"488","010340","protoperidinium","Protoperidinium "
"489","058239","rotifera","Rotifera "
"490","065902","sandworms","Nereis "
"491","074008","whelk ten-ridged","Neptunea decemcostata"
"492","073727","buccinidae","Buccinidae "
"493","073980","whelk lyre","Chrysodomus lirata chrysodomus lirata"
"494","072619","slippersnail","Crepidula "
"495","072984","moonsnail","Euspira "
"496","089560","barnacle goose","Lepas "
"497","072963","snail moon","Lunatia heros"
"498","073298","whelk dogwinkle","Thais lapillus"
"499","072911","polinices","Polinices "
"500","081007","siliqua","Siliqua "
"501","081271","tagelus","Tagelus "
"502","079258","clam ax-head","Yoldia "
"503","097336","crayfish","Cambaridae "
"504","052485","anemones","Actiniaria "
"505","080765","northern cardita","Cardita "
"506","046862","sea sponges","Calcarea "
"507","098426","crab toad","Hyas araneus"
"508","080811","waved astarte","Astarte undata"
"509","079554","geukensia","Geukensia "
"510","097710","axius serratus","Axius serratus"
"511","097707","calocaris templemani","Calocaris templemani"
"512","096986","pandalus propinquus","Pandalus propinquus"
"513","096765","shrimp friendly spine","Spirontocaris liljeborgii"
"514","097184","shrimp norwegian","Pontophilus norvegicus"
"515","096775","shrimp parrot","Spirontocaris spinus"
"516","096166","shrimp pink glass","Pasiphaea multidentata"
"517","096792","polar lebbeid","Lebbeus polaris"
"518","096761","shrimp punctate blade","Spirontocaris phippsii"
"519","073795","whelk waved","Buccinum undatum"
"520","072554","snails(conchs)","Strombidae "
"521","079504","mussel ribbed","Modiolus demissus"
"522","064357","annelida","Annelida"
"523","067728","ampharete arctica","Ampharete arctica"
"524","067735","ampharete acutifrons","Ampharete acutifrons"
"525","067727","ampharete","Ampharete "
"526","067786","asabellides oculata","Asabellides oculata"
"527","067784","asabellides","Asabellides "
"528","067762","melinna","Melinna "
"529","067778","anobothrus gracilis","Anobothrus gracilis"
"530","066776","apistobranchidae","Apistobranchidae "
"531","064359","aphroditidae","Aphroditidae "
"532","064365","sea mouse","Aphrodita hastata"
"533","064380","laetmonice filicornis","Laetmonice filicornis"
"534","067500","arenicolidae","Arenicolidae "
"535","067511","arenicola marina","Arenicola marina"
"536","067413","capitellidae","Capitellidae "
"537","067415","capitella capitata","Capitella capitata"
"538","067414","capitella","Capitella "
"539","067439","mediomastus ambiseta","Mediomastus ambiseta"
"540","067116","cirratulidae","Cirratulidae "
"541","067118","cirratulus cirratus","Cirratulus cirratus"
"542","067156","chaetozone","Chaetozone "
"543","067141","tharyx","Tharyx "
"544","067205","cossuridae","Cossuridae "
"545","067207","cossura longocirrata","Cossura longocirrata"
"546","066496","protodorvillea kefersteini","Protodorvillea kefersteini"
"547","067231","brada granosa","Brada granosa"
"548","067225","brada","Brada "
"549","067263","diplocirrus hirsutus","Diplocirrus hirsutus"
"550","067247","pherusa affinis","Pherusa affinis"
"551","067244","pherusa plumosa","Pherusa plumosa"
"552","067241","pherusa","Pherusa "
"553","065467","hesionidae","Hesionidae "
"554","065478","microphthalmus aberrans","Microphthalmus aberrans"
"555","065476","microphthalmus","Microphthalmus "
"556","066335","lumbrineridae","Lumbrineridae "
"557","066405","ninoe nigripes","Ninoe nigripes"
"558","066422","arabellidae","Arabellidae "
"559","067515","maldanidae","Maldanidae "
"560","067528","clymenella torquata","Clymenella torquata"
"561","067586","euclymene zonalis","Euclymene zonalis"
"562","067570","praxillella praetermissa","Praxillella praetermissa"
"563","067578","rhodine","Rhodine "
"564","066102","glycera","Glycera "
"565","066126","goniadidae","Goniadidae "
"566","066138","goniada","Goniada "
"567","066010","nephtyidae","Nephtyidae "
"568","066047","aglaophamus","Aglaophamus "
"569","066011","nephtys","Nephtys "
"570","065870","nereididae","Nereididae "
"571","067384","ammotrypane aulogaster","Ammotrypane aulogaster"
"572","067391","ophelina acuminata","Ophelina acuminata"
"573","067353","ophelia","Ophelia "
"574","066570","orbiniidae","Orbiniidae "
"575","066585","naineris quadricuspida","Naineris quadricuspida"
"576","066595","scoloplos armiger","Scoloplos armiger"
"577","066594","scoloplos","Scoloplos "
"578","067647","owenia fusiformis","Owenia fusiformis"
"579","067651","myriochele heeri","Myriochele heeri"
"580","066659","paraonidae","Paraonidae "
"581","066765","aricidea catherinae","Aricidea catherinae"
"582","066667","aricidea suecica","Aricidea suecica"
"583","066666","aricidea","Aricidea "
"584","066696","paraonis","Paraonis "
"585","066728","tauberia gracilis","Tauberia gracilis"
"586","067692","pectinariidae","Pectinariidae "
"587","067709","pectinaria gouldi","Pectinaria gouldi"
"588","065228","phyllodocidae","Phyllodocidae "
"589","065266","eteone heteropoda","Eteone heteropoda"
"590","065263","eteone longa","Eteone longa"
"591","065258","eteone","Eteone "
"592","065343","eumida sanguinea","Eumida sanguinea"
"593","065280","eulalia viridis","Eulalia viridis"
"594","065233","phyllodoce groenlandica","Phyllodoce groenlandica"
"595","065239","phyllodoce mucosa","Phyllodoce mucosa"
"596","064397","polynoidae","Polynoidae "
"597","064478","gattyana cirrosa","Gattyana cirrosa"
"598","064509","harmothoe extenuata","Harmothoe extenuata"
"599","064502","harmothoe","Harmothoe "
"600","064604","worm twelve scaled","Lepidonotus squamatus"
"601","068076","sabellidae","Sabellidae "
"602","068079","chone infundibuliformis","Chone infundibuliformis"
"603","068096","euchone elegans","Euchone elegans"
"604","068125","myxicola infundibulum","Myxicola infundibulum"
"605","068127","potamilla neglecta","Potamilla neglecta"
"606","068126","potamilla","Potamilla "
"607","067311","scalibregmatidae","Scalibregmatidae "
"608","067313","scalibregma inflatum","Scalibregma inflatum"
"609","068232","serpulidae","Serpulidae "
"610","068297","filograna implexa","Filograna implexa"
"611","065072","sigalionidae","Sigalionidae "
"612","065086","sthenelais limicola","Sthenelais limicola"
"613","045304","sphaeroidinidae","Sphaeroidinidae "
"614","066082","ephesiella minuta","Ephesiella minuta"
"615","066781","spionidae","Spionidae "
"616","066789","polydora","Polydora "
"617","066917","pygospio elegans","Pygospio elegans"
"618","066939","streblospio benedicti","Streblospio benedicti"
"619","066859","scolecolepides","Scolecolepides "
"620","066868","spio setosa","Spio setosa"
"621","066864","spio","Spio "
"622","066897","spiophanes bombyx","Spiophanes bombyx"
"623","066785","laonice cirrata","Laonice cirrata"
"624","067411","sternaspis scutata","Sternaspis scutata"
"625","067412","sternaspis fossor","Sternaspis fossor"
"626","065587","syllidae","Syllidae "
"627","065711","eusyllis","Eusyllis "
"628","065722","exogone dispar","Exogone dispar"
"629","085568","euchaeta hebes","Euchaeta hebes"
"630","065727","exogone verugera","Exogone verugera"
"631","065721","exogone","Exogone "
"632","065824","parapionosyllis longicirrata","Parapionosyllis longicirrata"
"633","065631","syllis gracilis","Syllis gracilis"
"634","065629","syllis","Syllis "
"635","067899","terebellidae","Terebellidae "
"636","067930","amphitrite affinis","Amphitrite affinis"
"637","067931","neoamphitrite figulus","Neoamphitrite figulus"
"638","067938","nicolea venustula","Nicolea venustula"
"639","067959","polycirrus","Polycirrus "
"640","067982","thelepus cincinnatus","Thelepus cincinnatus"
"641","068029","streblosoma spiralis","Streblosoma spiralis"
"642","068422","oligochaeta","OLIGOCHAETA "
"643","048738","cnidaria","CNIDARIA "
"644","048739","hydrozoa","Hydrozoa "
"645","049514","obelia","Obelia "
"646","051938","anthozoa","Anthozoa "
"647","052541","actiniidae","Actiniidae "
"648","052544","bunodactis stella","Bunodactis stella"
"649","051985","cerianthidae","Cerianthidae "
"650","052487","edwardsiidae","Edwardsiidae "
"651","052489","edwardsia elegans","Edwardsia elegans"
"652","052037","gersemia rubiformis","Gersemia rubiformis"
"653","052734","metridiidae","Metridiidae "
"654","093294","amphipoda","Amphipoda "
"655","093440","aoridae","Aoridae "
"656","093476","microdeutopus","Microdeutopus "
"657","093632","unciola irrorata","Unciola irrorata"
"658","093629","unciola","Unciola "
"659","093320","ampeliscidae","Ampeliscidae "
"660","093329","ampelisca abdita","Ampelisca abdita"
"661","093322","ampelisca macrocephala","Ampelisca macrocephala"
"662","093321","ampelisca","Ampelisca "
"663","093408","ampithoidae","Ampithoidae "
"664","093423","ampithoe longimana","Ampithoe longimana"
"665","093410","ampithoe rubricata","Ampithoe rubricata"
"666","093409","ampithoe","Ampithoe "
"667","093430","cymadusa compta","Cymadusa compta"
"668","089599","balanidae","Balanidae "
"669","098670","cancridae","Cancridae "
"670","095395","caprella linearis","Caprella linearis"
"671","095415","caprella septentrionalis","Caprella septentrionalis"
"672","095392","caprella","Caprella "
"673","089807","mysidacea","Mysidacea "
"674","093528","batea catharinensis","Batea catharinensis"
"675","093584","corophiidae","Corophiidae "
"676","093589","corophium","Corophium "
"677","093656","dexaminidae","Dexaminidae "
"678","093665","dexamine thea","Dexamine thea"
"679","093745","gammaridae","Gammaridae "
"680","093795","maera danae","Maera danae"
"681","093746","melitidae","Melitidae "
"682","093806","melita","Melita "
"683","094027","hyalidae","Hyalidae "
"684","094143","ischyroceridae","Ischyroceridae "
"685","094224","lysianassidae","Lysianassidae "
"686","094245","anonyx sarsi","Anonyx sarsi"
"687","094230","anonyx","Anonyx "
"688","094301","hippomedon serratus","Hippomedon serratus"
"689","094457","orchomenella","Orchomenella "
"690","089789","nebaliacea","Nebaliacea "
"691","089792","nebalia bipes","Nebalia bipes"
"692","089791","nebalia","Nebalia "
"693","094489","oedicerotidae","Oedicerotidae "
"694","091553","paratanaidae","Paratanaidae "
"695","094058","photidae","Photidae "
"696","093487","leptocheirus pinguis","Leptocheirus pinguis"
"697","094069","photis macrocoxa","Photis macrocoxa"
"698","094061","photis","Photis "
"699","094633","phoxocephalidae","Phoxocephalidae "
"700","094677","phoxocephalus holbolli","Phoxocephalus holbolli"
"701","094675","phoxocephalus","Phoxocephalus "
"702","094768","pleustidae","Pleustidae "
"703","094797","pleusymtes glaber","Pleusymtes glaber"
"704","094820","podoceridae","Podoceridae "
"705","094830","dulichia porrecta","Dulichia porrecta"
"706","093720","pontogeneia","Pontogeneia "
"707","093723","pontogeneia inermis","Pontogeneia inermis"
"708","094903","stenothoidae","Stenothoidae "
"709","095032","talitridae","Talitridae "
"710","095033","orchestia","Orchestia "
"711","090745","cumacea","Cumacea "
"712","090836","diastylis","Diastylis "
"713","090803","eudorella truncatula","Eudorella truncatula"
"714","090799","eudorella","Eudorella "
"715","091381","tanaidae","Tanaidae "
"716","091396","tanais cavolinii","Tanais cavolinii"
"717","091382","tanais","Tanais "
"718","092048","leptochelia savignyi","Leptochelia savignyi"
"719","098689","portunidae","Portunidae "
"720","098423","hyas coarctatus","Hyas coarctatus"
"721","097774","paguridae","Paguridae "
"722","097803","crab acadian hermit","Pagurus acadianus"
"723","092120","isopoda","Isopoda "
"724","092148","cyathura","Cyathura "
"725","092627","edotea triloba","Edotea triloba"
"726","092623","edotea","Edotea "
"727","092619","erichsonella filiformis","Erichsonella filiformis"
"728","092588","idotea","Idotea "
"729","092960","munna fabricii","Munna fabricii"
"730","092957","munna","Munna "
"731","080806","astarte subequilatera","Astarte subequilatera"
"732","080797","astarte","Astarte "
"733","081342","arctica","Arctica "
"734","079798","anomia simplex","Anomia simplex"
"735","080867","clinocardium ciliatum","Clinocardium ciliatum"
"736","079461","crenella glandula","Crenella glandula"
"737","081765","hiatella arctica","Hiatella arctica"
"738","081768","hiatella striata","Hiatella striata"
"739","081926","lyonsia hyalina","Lyonsia hyalina"
"740","081917","lyonsia arenosa","Lyonsia arenosa"
"741","081916","lyonsia","Lyonsia "
"742","081972","thracia conradi","Thracia conradi"
"743","081033","macoma","Macoma "
"744","081004","mesodesma arctatum","Mesodesma arctatum"
"745","079472","musculus","Musculus "
"746","081694","mya truncata","Mya truncata"
"747","079134","nucula delphinodonta","Nucula delphinodonta"
"748","079132","nucula proxima","Nucula proxima"
"749","079188","nuculana","Nuculana "
"750","080548","thyasira gouldii","Thyasira gouldii"
"751","069459","gastropoda","Gastropoda "
"752","074337","admete","Admete "
"753","073331","boreotrophon clathratus","Boreotrophon clathratus"
"754","069800","calliostoma occidentale","Calliostoma occidentale"
"755","070873","cingula","Cingula "
"756","073708","columbella","Columbella "
"757","073892","colus","Colus "
"758","078645","coryphella","Coryphella "
"759","072653","crucibulum striatum","Crucibulum striatum"
"760","076226","diaphana minuta","Diaphana minuta"
"761","078509","dendronotus frondosus","Dendronotus frondosus"
"762","074168","ilyanassa","Ilyanassa "
"763","070381","lacuna vincta","Lacuna vincta"
"764","069875","margarites","Margarites "
"765","072912","polinices nanus","Polinices nanus"
"766","072989","euspira triseriata","Euspira triseriata"
"767","071300","turritellopsis acicula","Turritellopsis acicula"
"768","073264","urosalpinx cinerea","Urosalpinx cinerea"
"769","072719","velutina undata","Velutina undata"
"770","070797","rissoidae","Rissoidae "
"771","070819","alvania carinata","Alvania carinata"
"772","070798","alvania","Alvania "
"773","078812","lepidopleuridae","Lepidopleuridae "
"774","078825","lepidopleurus","Lepidopleurus "
"775","078807","polyplacophora","Polyplacophora "
"776","078933","stenosemus albus","Stenosemus albus"
"777","078901","tonicella rubra","Tonicella rubra"
"778","078900","tonicella marmorea","Tonicella marmorea"
"779","082115","scaphopoda","Scaphopoda "
"780","059490","nematoda","NEMATODA "
"781","057411","nemertea","Nemertea "
"782","057455","cerebratulus lacteus","Cerebratulus lacteus"
"783","057472","micrura","Micrura "
"784","084195","ostracoda","OSTRACODA "
"785","085257","copepoda","COPEPODA "
"786","085761","centropages","Centropages "
"787","053963","platyhelminthes","PLATYHELMINTHES "
"788","054128","notoplana atomata","Notoplana atomata"
"789","048914","tubularia","Tubularia "
"790","083545","pycnogonida","PYCNOGONIDA "
"791","083579","achelia","Achelia "
"792","083547","nymphonidae","Nymphonidae "
"793","083560","nymphon stroemi","Nymphon stroemi"
"794","083548","nymphon","Nymphon "
"795","083635","phoxichilidiidae","Phoxichilidiidae "
"796","083638","phoxichilidium femoratum","Phoxichilidium femoratum"
"797","083661","pycnogonidae","Pycnogonidae "
"798","065205","euphrosinidae","Euphrosinidae "
"799","067157","chaetozone setosa","Chaetozone setosa"
"800","067224","flabelligeridae","Flabelligeridae "
"801","067238","flabelligera affinis","Flabelligera affinis"
"802","067255","pherusa arenosa","Pherusa arenosa"
"803","065477","microphthalmus sczelkowii","Microphthalmus sczelkowii"
"804","067526","clymenella","Clymenella "
"805","065268","eteone trilineata","Eteone trilineata"
"806","065321","paranaitis speciosa","Paranaitis speciosa"
"807","065359","phyllodoce","Phyllodoce "
"808","064715","hartmania moorei","Hartmania moorei"
"809","068077","chone","Chone "
"810","068159","fabricia sabella","Fabricia sabella"
"811","068137","pseudopotamilla reniformis","Pseudopotamilla reniformis"
"812","065806","syllides longocirrata","Syllides longocirrata"
"813","065735","sphaerosyllis","Sphaerosyllis "
"814","067901","amphitrite cirrata","Amphitrite cirrata"
"815","067963","polycirrus eximius","Polycirrus eximius"
"816","068069","terebellides stroemi","Terebellides stroemi"
"817","093526","bateidae","Bateidae "
"818","093773","gammarus","Gammarus "
"819","093967","pontoporeia femorata","Pontoporeia femorata"
"820","094233","anonyx lilljeborgi","Anonyx lilljeborgi"
"821","094519","monoculodes","Monoculodes "
"822","094106","gammaropsis nitida","Gammaropsis nitida"
"823","092624","edotea montosa","Edotea montosa"
"824","092595","idotea balthica","Idotea balthica"
"825","071007","cingula aculeus","Cingula aculeus"
"826","076148","cylichna alba","Cylichna alba"
"827","070497","hydrobia minuta","Hydrobia minuta"
"828","074740","lora","Lora "
"829","070085","moelleria costulata","Moelleria costulata"
"830","069514","puncturella noachina","Puncturella noachina"
"831","072721","velutina laevigata","Velutina laevigata"
"832","074555","turridae","Turridae "
"833","097106","crangonidae","Crangonidae "
"834","097110","shrimp crangon","Crangon septemspinosa"
"835","051988","cerianthus borealis","Cerianthus borealis"
"836","052034","nephtheidae","Nephtheidae "
"837","052737","metridium senile","Metridium senile"
"838","057446","cerebratulus","Cerebratulus "
"839","064358","polychaeta","POLYCHAETA "
"840","064411","antinoella sarsi","Antinoella sarsi"
"841","064421","arcteobia anticostiensis","Arcteobia anticostiensis"
"842","064513","harmothoe imbricata","Harmothoe imbricata"
"843","065074","pholoe minuta","Pholoe minuta"
"844","065206","euphrosine","Euphrosine "
"845","065262","eteone flava","Eteone flava"
"846","065287","eulalia bilineata","Eulalia bilineata"
"847","065635","syllis cornuta","Syllis cornuta"
"848","065736","sphaerosyllis erinaceus","Sphaerosyllis erinaceus"
"849","066054","aglaophamus neotenus","Aglaophamus neotenus"
"850","066064","sphaerodoridae","Sphaerodoridae "
"851","066101","glyceridae","Glyceridae "
"852","066441","arabella iricolor","Arabella iricolor"
"853","066478","dorvilleidae","Dorvilleidae "
"854","066601","scoloplos acutus","Scoloplos acutus"
"855","066743","paradoneis lyra","Paradoneis lyra"
"856","066778","apistobranchus tullbergi","Apistobranchus tullbergi"
"857","066845","prionospio steenstrupi","Prionospio steenstrupi"
"858","067227","brada villosa","Brada villosa"
"859","067258","pherusa aspera","Pherusa aspera"
"860","067342","opheliidae","Opheliidae "
"861","067409","sternaspidae","Sternaspidae "
"862","067420","heteromastus filiformis","Heteromastus filiformis"
"863","067568","praxillella","Praxillella "
"864","067581","rhodine loveni","Rhodine loveni"
"865","067644","oweniidae","Oweniidae "
"866","067701","cistenides granulata","Cistenides granulata"
"867","067718","ampharetidae","Ampharetidae "
"868","067763","melinna cristata","Melinna cristata"
"869","067799","samytha sexcirrata","Samytha sexcirrata"
"870","067900","amphitrite","Amphitrite "
"871","067945","pista maculata","Pista maculata"
"872","068097","euchone rubrocincta","Euchone rubrocincta"
"873","068248","spirorbis","Spirorbis "
"874","070395","littorina","Littorina "
"875","071217","skeneopsis planorbis","Skeneopsis planorbis"
"876","072985","euspira heros","Euspira heros"
"877","073616","anachis","Anachis "
"878","074096","whelk channeled","Buccinum undatum"
"879","074170","ilyanassa trivittata","Ilyanassa trivittata"
"880","079126","nucula","Nucula "
"881","079457","crenella","Crenella "
"882","079619","scallop icelandic sea","Chlamys islandica"
"883","080516","thyasira insignis","Thyasira insignis"
"884","080900","cerastoderma pinnulatum","Cerastoderma pinnulatum"
"885","081496","clam northern quahog / hard","Mercenaria mercenaria"
"886","081896","pandora gouldiana","Pandora gouldiana"
"887","082152","antalis entale","Antalis entale"
"888","082589","octopus uncl","Octopoda "
"889","083572","ammotheidae","Ammotheidae "
"890","083665","pycnogonum littorale","Pycnogonum littorale"
"891","090865","diastylis sculpta","Diastylis sculpta"
"892","091757","leptognathia caeca","Leptognathia caeca"
"893","092149","cyathura polita","Cyathura polita"
"894","092641","chiridotea caeca","Chiridotea caeca"
"895","093330","ampelisca vadorum","Ampelisca vadorum"
"896","093424","ampithoe valida","Ampithoe valida"
"897","093508","argissa hamatipes","Argissa hamatipes"
"898","093611","ericthonius","Ericthonius "
"899","093635","unciola dissimilis","Unciola dissimilis"
"900","093959","haustoriidae","Haustoriidae "
"901","094153","ischyrocerus anguipes","Ischyrocerus anguipes"
"902","094460","orchomenella pinguis","Orchomenella pinguis"
"903","094650","harpinia propinqua","Harpinia propinqua"
"904","094798","stenopleustes","Stenopleustes "
"905","094912","metopella angusta","Metopella angusta"
"906","095375","caprellidae","Caprellidae "
"907","095432","aeginina longicornis","Aeginina longicornis"
"908","089600","barnacle","Balanus "
"909","095496","krill","Euphausiacea "
"910","052624","sea anemone","Anemonia"
"911","096966","shrimp","Pandalus"
"912","000015",".....","Blank Record"
"913","011452","algae red","Rhodophycota"
"914","011453","algae unc",NA
"915","011454","algae brown","Phaeophycophyta"
"916","011455","algae green","Chlorophyta"
"917","011216","kelp unc",NA
"918","068223","worm fan","Sabella microphthalma"
"919","011307","arame","Eisenia bicyclis "
"920","069668","limpet","Acmaea testudinalis"
"921","158527","cucumber rat-tail","Caudina arenata"
"922","099034","crab japanese shore","Hemigrapsus"
"923","157968","sea urchin","Strongylocentrotus"
"924","098276","crab unc","Brachyura"
"925","163997","catfish blue","Ictalurus furcatus"
"926","051671","jelly red","Cyanea capillata"
"927","160855","skate clearnose","Raja eglanteria"
"928","166271","dory","Zeiformes"
"929","564136","skate rosette","Leucoraja garmani"
"930","168677","scad bigeye","Selar crumenophthalmus"
"931","070419","periwinkle common","Littorina littorea"
"932","096805","arctic eualid","Eualus fabricii"
"933","093786","scuds","Gammarus oceanicus"
"934","052738","anemone frilled","Metridium dianthus"
"935","012375","encrusting algae","Lithothamnium"
"936","156804","northern lampshell","Terebratulina septentrionalis"
"937","011247","sea colander","Agarum cribrosum "
"938","078858","red chiton","Ischnochiton ruber "
"939","090181","mysid bent","Praunus flexuosus"
"940","047779","sponge finger","Haliclona oculata"
"941","048890","pink hydroid","Clava leptostyla"
"942","006535","hollow green weed","Enteromorpha intestinalis"
"943","180524","whale minke","Balaenoptera acutorostrata"
"944","000016","fish unc",NA
"945","000017","worm unc",NA
"946","000018","shrimp unc DNU",NA
"947","000019","organic matter unc",NA
"948","157325","star brittle","Ophiurida"
"949","000020","otolith",NA
"950","203347","tunicate unc","Tunicata"
"951","000021","fish scale",NA
"952","000022","bone",NA
"953","000023","worm casing",NA
"954","166302","spotted tinselfish","Xenolepidichthys dalgleishi"
"955","051483","jellyfish unc","Scyphozoa"
"956","553273","sucker white","Catostomus commersonii"
"957","080764","northern cardita","Venericardia borealis"
"958","089601","barnacle rock","Balanus balanoides"
"959","171639","gunnel banded","Pholis gilli"
"960","167624","flying gurnard","Dactylopterus volitans"
"961","161994","salmon landlocked","Salmo salar"
"962","002790","chaetoceros debilis","Chaetoceros debilis"
"963","002922","guinardia flaccida","Guinardia flaccida"
"964","005318","cylindrotheca closterium","Cylindrotheca closterium"
"965","005071","fragilariopsis","Fragilariopsis"
"966","000024","trash species",NA
"967","168680","lookdown","Selene vomer"
"968","004592","pleurosigma","Pleurosigma"
"969","002371","stephanopyxis","Stephanopyxis"
"970","005302","bacillaria paradoxa","Bacillaria paradoxa"
"971","002396","leptocylindrus minimus","Leptocylindrus minimus"
"972","002395","leptocylindrus danicus","Leptocylindrus danicus"
"973","082354","stoloteuthis","Stoloteuthis"
"974","555766","semirossia","Semirossia"
"975","161838","anchovy striped","Anchoa hepsetus"
"976","162583","headlight fish","Diaphus"
"977","180473","porpoise harbor","Phocoena phocoena"
"978","180438","dolphin short beaked","Delphinus delphis"
"979","000025","cobble","cobble"
"980","000026","rock","rock"
"981","159540","sea grapes","Molgulidae"
"982","000028","shell hash","shell hash"
"983","000029","quog shell-n","quog shell-n"
"984","000030","quog shell-o","quog shell-o"
"985","000031","scal shell-n","scal shell-n"
"986","000032","scal shell-o","scal shell-o"
"987","157165","star blood","Henricia sanguinolenta"
"988","073228","whelk unc","Neogastropoda"
"989","000033","oyster shell",NA
"990","158129","sea potato","Echinocardium cordatum"
"991","003155","licmophora","Licmophora"
"992","002397","dactyliosolen","Dactyliosolen"
"993","168724","scad mackerel","Decapterus macarellus"
"994","003197","grammatophore","Grammatophora"
"995","002534","detonula","Detonula"
"996","180653","seal gray","Halichoerus grypus"
"997","622022","seal harp","Pagophilus groenlandicus"
"998","180657","seal hooded","Cystophora cristata"
"999","180426","dolphin bottlenose","Tursiops truncatus"
"1000","180403","whale unc / cetacean","Cetacea"
"1001","180443","dolphin Atlantic white sided","Lagenorhynchus acutus"
"1002","552303","seal unc / pinniped","Caniformia"
"1003","097700","Axiidae","Axiidae"
"1004","172537","silver rag","Ariomma bondi"
"1005","550562","bass smallmouth","Micropterus dolomieui"
"1006","172783","flounder fourspot","Paralichthys oblongus"
"1007","172566","harvestfish","Peprilus alepidotus"
"1008","768126","john dory","Zenopsis ocellata"
"1009","167862","marlin white","Tetrapturus albidus"
"1010","624004","sturgeon atlantic","Acipenser oxyrinchus"
"1011","172401","tuna skipjack","Katsuwonus pelamis"
"1012","164831","fawn cusk-eel","Lepophidium profundorum"
"1013","157066","star red sun","Crossaster papposus"
"1014","157008","star horse","Hippasteria phrygiana"
"1015","157144","star badge","Porania insignis"
"1016","156940","star mud","Ctenodiscus crispatus"
"1017","000046","scallop clapper","scallop clapper"
"1018","169276","northern kingfish","Menticirrhus saxatilis"
"1019","166312","boarfish shortspine","Antigonia combatia"
"1020","162064","argentine atlantic","Argentina silus"
"1021","082636","octopus spoonarm","Bathypolypus arcticus"
"1022","164725","burbot","Lota lota"
"1023","162002","trout lake","Salvelinus namaycush"
"1024","000045","splake","Salvelinus fontinalis x Salvelinus namaycush"
"1025","053856","jelly comb","Ctenophora"
"1026","052418","sea pen","Pennatula aculeata"
"1027","157145","red cushion star","Porania pulvillus"
"1028","079273","file yoldia","Yoldia limatula"
"1029","179730","flounder smallmouth","Etropus microstomus"
"1030","168097","bass rock","Ambloplites rupestris"
"1031","011223","kelp skinny","Saccharina angustissima"
"1032","051701","jelly moon","Aurelia aurita"
